{
  "node": "nodeA",
  "mode": "host_fallback",
  "target_ip": "127.0.0.1",
  "target_port": 6001,
  "local": true,
  "stats": {
    "samples_read": 303680,
    "chunks_sent": 18
  },
  "timing": {
    "sample": {
      "count": 1898,
      "min_ms": 0.03359999391250312,
      "avg_ms": 0.1533871968599425,
      "max_ms": 0.7588000153191388,
      "p99_ms": 0.5756030173506588
    },
    "extract": {
      "count": 958,
      "min_ms": 0.00100000761449337,
      "avg_ms": 0.09831461344193278,
      "max_ms": 7.607399980770424,
      "p99_ms": 4.393392988422401
    },
    "transmit": {
      "count": 18,
      "min_ms": 0.16639998648315668,
      "avg_ms": 0.4473388867659701,
      "max_ms": 1.1941000120714307,
      "p99_ms": 1.1907680064905435
    }
  },
  "overrun_count": 0,
  "overruns": []
}
