{
  "node": "nodeA",
  "mode": "host_fallback",
  "target_ip": "127.0.0.1",
  "target_port": 6001,
  "local": true,
  "stats": {
    "samples_read": 302240,
    "chunks_sent": 18
  },
  "timing": {
    "sample": {
      "count": 1889,
      "min_ms": 0.033800024539232254,
      "avg_ms": 0.09208909439760156,
      "max_ms": 0.4746000049635768,
      "p99_ms": 0.33530000713653724
    },
    "extract": {
      "count": 992,
      "min_ms": 0.000900006853044033,
      "avg_ms": 0.05390131023417662,
      "max_ms": 4.3268000008538365,
      "p99_ms": 1.9789840091834783
    },
    "transmit": {
      "count": 18,
      "min_ms": 0.20640000002458692,
      "avg_ms": 0.3700611155687107,
      "max_ms": 0.6111999973654747,
      "p99_ms": 0.5927210001391356
    }
  },
  "overrun_count": 0,
  "overruns": []
}
