{
  "node": "nodeA",
  "mode": "host_fallback",
  "target_ip": "127.0.0.1",
  "target_port": 6001,
  "local": true,
  "stats": {
    "samples_read": 303840,
    "chunks_sent": 18
  },
  "timing": {
    "sample": {
      "count": 1899,
      "min_ms": 0.03339999238960445,
      "avg_ms": 0.15489341760531908,
      "max_ms": 0.9904000035021454,
      "p99_ms": 0.4743320029228925
    },
    "extract": {
      "count": 957,
      "min_ms": 0.000700005330145359,
      "avg_ms": 0.09383542327912935,
      "max_ms": 7.567499997094274,
      "p99_ms": 4.211336004082154
    },
    "transmit": {
      "count": 18,
      "min_ms": 0.13879998004995286,
      "avg_ms": 0.37691110952032936,
      "max_ms": 0.8547000179532915,
      "p99_ms": 0.8261230180505661
    }
  },
  "overrun_count": 0,
  "overruns": []
}
