{
  "node": "nodeC",
  "mode": "host_fallback",
  "scheduler_policy": "rms",
  "scheduler_preemptive": false,
  "local": true,
  "bind_ip": "0.0.0.0",
  "bind_port": 5002,
  "debounce_count": 2,
  "debounce_window_ms": 2000,
  "watchdog_timeout_ms": 3000,
  "stats": {
    "packets_recv": 15,
    "stop_commands": 15,
    "go_commands": 0,
    "actuator_triggers": 7,
    "watchdog_failsafes": 4,
    "final_actuator_state": "EMERGENCY_STOP"
  },
  "timing": {
    "recv": {
      "count": 15,
      "min_ms": 0.011900003300979733,
      "avg_ms": 0.02720666428407033,
      "max_ms": 0.06489999941550195,
      "p99_ms": 0.06299599714111537
    },
    "validate": {
      "count": 2282,
      "min_ms": 0.00019997241906821728,
      "avg_ms": 0.0032752846272974083,
      "max_ms": 0.665700004901737,
      "p99_ms": 0.017218985594809062
    },
    "watchdog": {
      "count": 457,
      "min_ms": 0.000900006853044033,
      "avg_ms": 0.003542669748691781,
      "max_ms": 0.2066000015474856,
      "p99_ms": 0.007375997956842183
    }
  },
  "overrun_count": 2,
  "overruns_by_task": {
    "recv": 2
  },
  "overruns": [
    {
      "task": "recv",
      "elapsed_ms": 20.523499988485128,
      "period_ms": 20.0
    },
    {
      "task": "recv",
      "elapsed_ms": 21.850199991604313,
      "period_ms": 20.0
    }
  ]
}
