{
  "node": "nodeA",
  "mode": "host_fallback",
  "target_ip": "127.0.0.1",
  "target_port": 6001,
  "local": true,
  "stats": {
    "samples_read": 302560,
    "chunks_sent": 18
  },
  "timing": {
    "sample": {
      "count": 1891,
      "min_ms": 0.030700000934302807,
      "avg_ms": 0.11399402441964192,
      "max_ms": 0.7578000077046454,
      "p99_ms": 0.4538099892670286
    },
    "extract": {
      "count": 963,
      "min_ms": 0.000800006091594696,
      "avg_ms": 0.057898442083698924,
      "max_ms": 5.64340001437813,
      "p99_ms": 2.0393920014612377
    },
    "transmit": {
      "count": 18,
      "min_ms": 0.18209998961538076,
      "avg_ms": 0.3430944424407143,
      "max_ms": 0.7377000001724809,
      "p99_ms": 0.7226889996672979
    }
  },
  "overrun_count": 0,
  "overruns": []
}
