{
  "node": "nodeA",
  "mode": "host_fallback",
  "target_ip": "127.0.0.1",
  "target_port": 6001,
  "local": true,
  "stats": {
    "samples_read": 303680,
    "chunks_sent": 18
  },
  "timing": {
    "sample": {
      "count": 1898,
      "min_ms": 0.03130000550299883,
      "avg_ms": 0.13424720731318524,
      "max_ms": 1.0492999863345176,
      "p99_ms": 0.5910539894830436
    },
    "extract": {
      "count": 955,
      "min_ms": 0.000700005330145359,
      "avg_ms": 0.07522387402034633,
      "max_ms": 6.121399987023324,
      "p99_ms": 2.666079995688052
    },
    "transmit": {
      "count": 18,
      "min_ms": 0.20290000247769058,
      "avg_ms": 0.5847166677186679,
      "max_ms": 1.796600001398474,
      "p99_ms": 1.7471470008604224
    }
  },
  "overrun_count": 2,
  "overruns": [
    {
      "task": "sample",
      "elapsed_ms": 22.069400001782924,
      "period_ms": 10.0
    },
    {
      "task": "extract",
      "elapsed_ms": 21.932900010142475,
      "period_ms": 20.0
    }
  ]
}
