{
  "node": "nodeA",
  "mode": "host_fallback",
  "target_ip": "127.0.0.1",
  "target_port": 6001,
  "local": true,
  "stats": {
    "samples_read": 300640,
    "chunks_sent": 18
  },
  "timing": {
    "sample": {
      "count": 1879,
      "min_ms": 0.034500000765547156,
      "avg_ms": 0.14862464125959093,
      "max_ms": 1.1078999959863722,
      "p99_ms": 0.48261400137562316
    },
    "extract": {
      "count": 960,
      "min_ms": 0.000900006853044033,
      "avg_ms": 0.08044322927768614,
      "max_ms": 6.908500014105812,
      "p99_ms": 3.571262990590179
    },
    "transmit": {
      "count": 18,
      "min_ms": 0.15360000543296337,
      "avg_ms": 0.4392611121551858,
      "max_ms": 0.8116000099107623,
      "p99_ms": 0.7968270112178287
    }
  },
  "overrun_count": 0,
  "overruns": []
}
