{
  "node": "nodeA",
  "mode": "host_fallback",
  "target_ip": "127.0.0.1",
  "target_port": 6001,
  "local": true,
  "stats": {
    "samples_read": 305120,
    "chunks_sent": 18
  },
  "timing": {
    "sample": {
      "count": 1907,
      "min_ms": 0.02780000795610249,
      "avg_ms": 0.16142632366928716,
      "max_ms": 0.8522999996785074,
      "p99_ms": 0.5606159905437381
    },
    "extract": {
      "count": 956,
      "min_ms": 0.0010999792721122503,
      "avg_ms": 0.09598117099493297,
      "max_ms": 7.82279999111779,
      "p99_ms": 4.17502998752755
    },
    "transmit": {
      "count": 18,
      "min_ms": 0.14319998444989324,
      "avg_ms": 0.6049777746536873,
      "max_ms": 1.5503000176977366,
      "p99_ms": 1.4671190126682623
    }
  },
  "overrun_count": 0,
  "overruns": []
}
