{
  "node": "nodeB",
  "precision": "fp16",
  "scheduler_policy": "rms",
  "scheduler_preemptive": false,
  "scheduler_partitioned": false,
  "infer_period_ms": 50.0,
  "confidence_threshold": 0.85,
  "local": true,
  "test_mode": false,
  "target_port": 6002,
  "stats": {
    "packets_recv": 18,
    "inferences_run": 18,
    "commands_sent": 18,
    "commands_forwarded": 18
  },
  "timing": {
    "recv": {
      "count": 18,
      "min_ms": 0.05509998300112784,
      "avg_ms": 0.11832777818199247,
      "max_ms": 0.2523000002838671,
      "p99_ms": 0.24903600016841662
    },
    "inference": {
      "count": 18,
      "min_ms": 31.904600007692352,
      "avg_ms": 33.86303333455645,
      "max_ms": 46.588299999712035,
      "p99_ms": 44.65242500300517
    },
    "send": {
      "count": 18,
      "min_ms": 0.148899998748675,
      "avg_ms": 0.3862222220050171,
      "max_ms": 1.0698999976739287,
      "p99_ms": 1.0228779958561058
    },
    "e2e": {
      "count": 18,
      "min_ms": 32.27690001949668,
      "avg_ms": 34.249255556561465,
      "max_ms": 47.06039998563938,
      "p99_ms": 45.11847299232611
    }
  },
  "overrun_count": 0,
  "overruns_by_task": {},
  "overruns": []
}
