{
  "node": "nodeA",
  "mode": "host_fallback",
  "target_ip": "127.0.0.1",
  "target_port": 6001,
  "local": true,
  "stats": {
    "samples_read": 301440,
    "chunks_sent": 18
  },
  "timing": {
    "sample": {
      "count": 1884,
      "min_ms": 0.03619998460635543,
      "avg_ms": 0.1265047774726778,
      "max_ms": 0.742900010664016,
      "p99_ms": 0.4630100040230902
    },
    "extract": {
      "count": 963,
      "min_ms": 0.000800006091594696,
      "avg_ms": 0.06919075837184753,
      "max_ms": 5.520599981537089,
      "p99_ms": 2.5915840052766717
    },
    "transmit": {
      "count": 18,
      "min_ms": 0.20509999012574553,
      "avg_ms": 0.4447388879877205,
      "max_ms": 0.7477999897673726,
      "p99_ms": 0.7462359877536073
    }
  },
  "overrun_count": 0,
  "overruns": []
}
