{
  "node": "nodeA",
  "mode": "host_fallback",
  "target_ip": "127.0.0.1",
  "target_port": 6001,
  "local": true,
  "stats": {
    "samples_read": 293600,
    "chunks_sent": 18
  },
  "timing": {
    "sample": {
      "count": 1835,
      "min_ms": 0.033899996196851134,
      "avg_ms": 0.10487068141874037,
      "max_ms": 0.6376999954227358,
      "p99_ms": 0.4473780019907292
    },
    "extract": {
      "count": 1011,
      "min_ms": 0.001200009137392044,
      "avg_ms": 0.049526904008151365,
      "max_ms": 6.29530000151135,
      "p99_ms": 1.866739988327022
    },
    "transmit": {
      "count": 18,
      "min_ms": 0.18649999401532114,
      "avg_ms": 0.36465000205983716,
      "max_ms": 0.5549000052269548,
      "p99_ms": 0.544649006333202
    }
  },
  "overrun_count": 0,
  "overruns": []
}
