{
  "node": "nodeA",
  "mode": "host_fallback",
  "target_ip": "127.0.0.1",
  "target_port": 6001,
  "local": true,
  "stats": {
    "samples_read": 304000,
    "chunks_sent": 18
  },
  "timing": {
    "sample": {
      "count": 1900,
      "min_ms": 0.03369999467395246,
      "avg_ms": 0.12835673693763583,
      "max_ms": 0.6720999954268336,
      "p99_ms": 0.4665010015014559
    },
    "extract": {
      "count": 959,
      "min_ms": 0.000700005330145359,
      "avg_ms": 0.0780498437419324,
      "max_ms": 6.779499992262572,
      "p99_ms": 2.8364580095512544
    },
    "transmit": {
      "count": 18,
      "min_ms": 0.14380001812241971,
      "avg_ms": 0.3774111149444555,
      "max_ms": 1.1109000188298523,
      "p99_ms": 1.0443450167076656
    }
  },
  "overrun_count": 0,
  "overruns": []
}
