{
  "node": "nodeA",
  "mode": "host_fallback",
  "target_ip": "127.0.0.1",
  "target_port": 6001,
  "local": true,
  "stats": {
    "samples_read": 308000,
    "chunks_sent": 19
  },
  "timing": {
    "sample": {
      "count": 1925,
      "min_ms": 0.040099985199049115,
      "avg_ms": 0.09596971424550495,
      "max_ms": 0.7121999806258827,
      "p99_ms": 0.3667120053432881
    },
    "extract": {
      "count": 964,
      "min_ms": 0.0010999792721122503,
      "avg_ms": 0.058953318862279266,
      "max_ms": 5.0765000050887465,
      "p99_ms": 2.046233992441558
    },
    "transmit": {
      "count": 19,
      "min_ms": 0.15800000983290374,
      "avg_ms": 0.42667895046945076,
      "max_ms": 1.923900010297075,
      "p99_ms": 1.7120220104698096
    }
  },
  "overrun_count": 0,
  "overruns": []
}
