{
  "node": "nodeA",
  "mode": "host_fallback",
  "target_ip": "127.0.0.1",
  "target_port": 6001,
  "local": true,
  "stats": {
    "samples_read": 300960,
    "chunks_sent": 18
  },
  "timing": {
    "sample": {
      "count": 1881,
      "min_ms": 0.03440000000409782,
      "avg_ms": 0.13422036147639274,
      "max_ms": 0.8104999724309891,
      "p99_ms": 0.4129000008106232
    },
    "extract": {
      "count": 962,
      "min_ms": 0.00100000761449337,
      "avg_ms": 0.0759613307642125,
      "max_ms": 6.378899997798726,
      "p99_ms": 3.3674849889939558
    },
    "transmit": {
      "count": 18,
      "min_ms": 0.2151999797206372,
      "avg_ms": 0.45853333237270516,
      "max_ms": 1.031499996315688,
      "p99_ms": 0.9882179982378143
    }
  },
  "overrun_count": 0,
  "overruns": []
}
