{
  "node": "nodeA",
  "mode": "host_fallback",
  "target_ip": "127.0.0.1",
  "target_port": 6001,
  "local": true,
  "stats": {
    "samples_read": 304160,
    "chunks_sent": 18
  },
  "timing": {
    "sample": {
      "count": 1901,
      "min_ms": 0.03359999391250312,
      "avg_ms": 0.1243248818483133,
      "max_ms": 0.991599983535707,
      "p99_ms": 0.6282000103965402
    },
    "extract": {
      "count": 959,
      "min_ms": 0.001100008375942707,
      "avg_ms": 0.08841345134158196,
      "max_ms": 8.867099997587502,
      "p99_ms": 3.0343680118675973
    },
    "transmit": {
      "count": 18,
      "min_ms": 0.1393999846186489,
      "avg_ms": 0.46148333058226854,
      "max_ms": 1.0202999983448535,
      "p99_ms": 0.9871839985135008
    }
  },
  "overrun_count": 0,
  "overruns": []
}
