{
  "node": "nodeA",
  "mode": "host_fallback",
  "target_ip": "127.0.0.1",
  "target_port": 6001,
  "local": true,
  "stats": {
    "samples_read": 301440,
    "chunks_sent": 18
  },
  "timing": {
    "sample": {
      "count": 1884,
      "min_ms": 0.03279998782090843,
      "avg_ms": 0.0978412418896896,
      "max_ms": 0.6309000018518418,
      "p99_ms": 0.3869000059785336
    },
    "extract": {
      "count": 1022,
      "min_ms": 0.0013999815564602613,
      "avg_ms": 0.04791526390201323,
      "max_ms": 5.284000013489276,
      "p99_ms": 1.525150009838397
    },
    "transmit": {
      "count": 18,
      "min_ms": 0.15690000145696104,
      "avg_ms": 0.38298333432370174,
      "max_ms": 0.7753999962005764,
      "p99_ms": 0.7525860005989669
    }
  },
  "overrun_count": 0,
  "overruns": []
}
