{
  "node": "nodeA",
  "mode": "host_fallback",
  "target_ip": "127.0.0.1",
  "target_port": 6001,
  "local": true,
  "stats": {
    "samples_read": 305280,
    "chunks_sent": 18
  },
  "timing": {
    "sample": {
      "count": 1908,
      "min_ms": 0.031200004741549492,
      "avg_ms": 0.1476179766796961,
      "max_ms": 0.9985000069718808,
      "p99_ms": 0.5989159931777978
    },
    "extract": {
      "count": 957,
      "min_ms": 0.0006999762263149023,
      "avg_ms": 0.08815203748581116,
      "max_ms": 8.1843999796547,
      "p99_ms": 3.8216440123505944
    },
    "transmit": {
      "count": 18,
      "min_ms": 0.17210000078193843,
      "avg_ms": 0.7121333328541368,
      "max_ms": 2.0517999946605414,
      "p99_ms": 1.9728519971249616
    }
  },
  "overrun_count": 0,
  "overruns": []
}
